0,1549683887270,38.89427907349321,-77.04232642597387
1,1551344374528,38.896165014916555,-77.03347576992817
2,1548959577365,38.89850463264789,-77.03412591834116
3,1549203490770,38.89222913418911,-77.03376945224755
4,1549655236967,38.89476584595181,-77.0346309838698
5,1549715511514,38.89275871925998,-77.04141555703463
6,1550859308302,38.89765187617274,-77.03191464964189
7,1551180455833,38.89756702422196,-77.04533439443645
8,1550680770214,38.89321277535717,-77.04001656363185
9,1550882261250,38.895902968075056,-77.04223036701924
10,1549257491804,38.8923986972168,-77.0395129987535
11,1549474131644,38.89688576189977,-77.039778364771
12,1550865905643,38.89283569014017,-77.0415803489406
13,1551251920709,38.893472830901565,-77.0450535604077
14,1550507516444,38.89478048837822,-77.04292017047997
15,1551184119196,38.893627865527705,-77.03816109565284
16,1551076054311,38.892440064377986,-77.04025754613077
17,1549149190577,38.892013371167245,-77.03465141860038
18,1551372114608,38.89121240266525,-77.04704092468694
19,1549750046398,38.89172313108339,-77.03759495808788
20,1549209040988,38.89496610102669,-77.04740846929882
21,1550349278428,38.89275294105974,-77.03242126951939
22,1550079272330,38.891219193314406,-77.0335001753248
23,1549730779746,38.89634435727161,-77.03998201840515
24,1550646536730,38.8949713747862,-77.04507310715167
25,1549908487688,38.89624065668416,-77.0424134026012
26,1550041798849,38.89768604299351,-77.04769204948661
27,1549347586156,38.891584516536966,-77.04530003609413
28,1549714899116,38.892884832934044,-77.04553385226347
29,1550357510845,38.89083398333575,-77.03378856260406
30,1549694030122,38.891211343123,-77.03043891802228
31,1550430916396,38.8972511321918,-77.03108440514494
32,1551147725394,38.89682434533974,-77.03682945200893
33,1551109300843,38.89815357885585,-77.04329014847822
34,1551176548879,38.891503909266895,-77.04697761652386
35,1551172637292,38.8918429535409,-77.0298240679789
36,1548943326835,38.8946846481611,-77.03720103531111
37,1551271050362,38.8938199983739,-77.04554071241392
38,1550932208535,38.8909848959825,-77.03868469023745
39,1550038695939,38.898249609622724,-77.03144011513845
40,1551034242104,38.894473419900045,-77.03098226371314
41,1551362466345,38.89409057881897,-77.04521701063354
42,1550680156614,38.893628689994564,-77.04708502501246
43,1551261355384,38.89719675829124,-77.03362113779619
44,1550136810551,38.894900379016676,-77.0444882462677
45,1549418181769,38.89662478002042,-77.04205764458725
46,1549628956494,38.89120734301711,-77.03294164130187
47,1550881298281,38.89454733188033,-77.04367338366318
48,1550890735690,38.89560769056698,-77.04512087539435
49,1549158804422,38.893922470658595,-77.03615927640766
50,1551439316181,38.898289620579476,-77.03490078729165
51,1549188049818,38.8950638155985,-77.044421434369
52,1549267472311,38.897969619291075,-77.03783164905427
53,1549408757170,38.89100210956229,-77.04043652947679
54,1549455335515,38.89858852406521,-77.0424616739216
55,1549924329165,38.89553708567531,-77.03949543049256
56,1549070179762,38.891485259404426,-77.03287786645623
57,1551343722025,38.89341448088322,-77.04171893103832
58,1549538592387,38.89855016031976,-77.04751138297792
59,1551304093542,38.89249416403695,-77.03790283359567
60,1550854887968,38.8958403286507,-77.04727530443046
61,1549450155153,38.891322607946194,-77.04052968513942
62,1549701792822,38.89783211196461,-77.03936949495494
63,1550633195861,38.896810335498174,-77.03878034383561
64,1549156430294,38.891522403650995,-77.03979011924096
65,1550985997175,38.89551967229375,-77.04263763947583
66,1551008117198,38.89793098035202,-77.03278896878389
67,1549787733519,38.89567041119732,-77.03636287602275
68,1551255603096,38.89743862858818,-77.04291175603396
69,1549917359093,38.89470423858008,-77.04586053963693
70,1549454800277,38.89408654910815,-77.03429666080352
71,1551126320867,38.89784950257377,-77.03465241495779
72,1549675918123,38.896505823992825,-77.0380710890946
73,1549474620051,38.89428578265512,-77.04262055891999
74,1551458890049,38.896114041656006,-77.0324936475275
75,1549260676208,38.89241551044723,-77.04102019132027
76,1549597220477,38.89126007300648,-77.03799386985932
77,1550175029886,38.89685349137306,-77.03638213425145
78,1551389534767,38.89399621342786,-77.04116518781017
79,1550892068117,38.89809362080377,-77.03682484632594
80,1549339350744,38.891566258177626,-77.03682781724281
81,1550581565713,38.893007511049255,-77.02894034355911
82,1548984556711,38.89330354808029,-77.0466547572974
83,1550079323712,38.89227742795871,-77.03987116341912
84,1551273935616,38.89729767480078,-77.0292783376188
85,1551137447247,38.89192427776857,-77.03075141099619
86,1549049474141,38.89820360064146,-77.03364006850747
87,1549005257601,38.891821900679666,-77.03505251760856
88,1549902299522,38.89520173972148,-77.03136595454113
89,1550780373277,38.897606281794886,-77.02895945841067
90,1549900541664,38.89736954984718,-77.03877338733295
91,1550984535249,38.893510235300674,-77.03601739560598
92,1550304393647,38.89206996797173,-77.04380997314017
93,1550596195710,38.89585157132011,-77.04119426645815
94,1549523784557,38.8943032985826,-77.03031777523903
95,1548899142686,38.8920497307832,-77.0288582241363
96,1549749546318,38.89198878427786,-77.0292718126471
97,1550758406934,38.89836951770866,-77.03412566302177
98,1550867408627,38.89644998511168,-77.03221707219089
99,1548905788892,38.89782115455431,-77.03653027121423
100,1550076744663,38.8916623880866,-77.03278771152165
101,1550097469249,38.89416682211168,-77.02953911694378
102,1549297373645,38.895798537949894,-77.0335315765332
103,1549108724947,38.89858165140173,-77.03207857114252
104,1550468064545,38.891969785105914,-77.03696521371386
105,1548908673672,38.89413145404614,-77.04307127629289
106,1548985325124,38.8942369357882,-77.02996137986169
107,1550651618843,38.89290309107472,-77.03405466357002
108,1550461769845,38.89464525253973,-77.04659594149958
109,1551326870748,38.89805217718951,-77.04573545999874
110,1550176484589,38.89516110011949,-77.04612725830145
111,1549297282587,38.89111582737655,-77.03351444893867
112,1550073510854,38.893654897127355,-77.04074366107739
113,1550811072301,38.89792752332792,-77.0438635937325
114,1549150505278,38.89652288179103,-77.04749684613041
115,1549658203098,38.89632218219356,-77.04729859386677
116,1549154956317,38.895681619535225,-77.03400357771405
117,1549119579717,38.89654053954949,-77.04642966730096
118,1549912706518,38.89744536315994,-77.03656757047214
119,1549685986076,38.89124455593222,-77.04529776208345
120,1549043100617,38.896126692578015,-77.03088609379958
121,1549008949488,38.89630434512085,-77.04155955843463
122,1548980506037,38.895532734842035,-77.03954845798259
123,1551215976380,38.89107989425453,-77.02954538643637
124,1551324393257,38.89398831102061,-77.0390620078082
125,1549597765015,38.89251849383716,-77.03074400541544
126,1549068275648,38.89085726721729,-77.04762349214326
127,1551166477147,38.897345336895214,-77.03598783842304
128,1549299744106,38.897085869777534,-77.03494725230865
129,1549858837286,38.89241734778323,-77.03839856012176
130,1549655252259,38.89271743023833,-77.03952165410301
131,1551394143581,38.898519200170284,-77.03138562803885
132,1551185365655,38.892963375646886,-77.03202081396503
133,1549273115987,38.89233913391972,-77.03932361550764
134,1548921542491,38.89342898011849,-77.03775414005602
135,1551064285497,38.89610703936476,-77.04488369756496
136,1550268316528,38.89362629308341,-77.0439364184321
137,1551215247006,38.891998057696945,-77.04369096889216
138,1550948664920,38.89343486197564,-77.03046253789702
139,1549194968428,38.897994366696075,-77.02916697558048
140,1550858520421,38.897043278436506,-77.04110891465625
141,1548976368331,38.89240182054497,-77.04279194142255
142,1549555480362,38.897100045813794,-77.02867490292313
143,1550904958348,38.89118569253492,-77.03210309960426
144,1549364938432,38.89667765026019,-77.03997405402934
145,1549024395437,38.89602308409959,-77.0304347697766
146,1548989768074,38.89469393967827,-77.03132077007068
147,1550293712936,38.89747388459685,-77.02842461758158
148,1550324479461,38.8982030948038,-77.04456551450099
149,1550115698703,38.8924059015154,-77.03186084806538
150,1550144109311,38.891255795634684,-77.04153213898661
151,1549118777880,38.89143443781057,-77.04217105496578
152,1549744140875,38.89400400410965,-77.03821560166367
153,1550460737008,38.89566683195926,-77.04179841037997
154,1550756149302,38.89688754883767,-77.0433833375003
155,1549880101729,38.89179607165859,-77.03806193394846
156,1549207775430,38.89326299055342,-77.04730601509053
157,1551397863511,38.89673542602101,-77.03458241587786
158,1548915711698,38.89232380283781,-77.03633951139031
159,1549291941873,38.89670216648767,-77.03200021574715
160,1550264789988,38.89359652186136,-77.03158547600034
161,1551152178039,38.89826997524775,-77.0444517255445
162,1549966648631,38.894390196704315,-77.04001416383765
163,1550157187083,38.8918468807325,-77.02992066587403
164,1549930984181,38.89711427032493,-77.0440697745321
165,1549241957159,38.89858188271143,-77.03354114626467
166,1551287713420,38.89237916511853,-77.04508480091027
167,1550420081634,38.89774537985008,-77.04768932783684
168,1550307646594,38.89264866294681,-77.03236700720328
169,1551327847223,38.8980057191609,-77.03253654972083
170,1549656151013,38.89544612469549,-77.04220626797539
171,1549469489179,38.89787944305361,-77.03232463276235
172,1549835930151,38.89552827593457,-77.03157536611114
173,1550947664157,38.897961995185085,-77.04189107633702
174,1551252106240,38.89125939236836,-77.04396576961601
175,1551067993467,38.893147799381765,-77.03313267098437
176,1550885435592,38.89225210697138,-77.03130185706809
177,1548994298242,38.89407588532721,-77.04714838661978
178,1551475357149,38.89112366786219,-77.04604592208946
179,1549544287119,38.89494487966152,-77.03580381016882
180,1549396838410,38.89376141376995,-77.03338972310262
181,1550711880245,38.89753760476636,-77.02978002727828
182,1550234286113,38.89783968267475,-77.0364204163065
183,1550739457610,38.89689226086685,-77.04215315583586
184,1549686299828,38.89270170175164,-77.03914918491671
185,1549982018644,38.8974188495416,-77.0429092414835
186,1549046408232,38.8978616431495,-77.02886701986331
187,1550217934686,38.89575390936337,-77.04385430897567
188,1549866309467,38.89151959425776,-77.03817732345453
189,1551427578032,38.892294670587404,-77.04735198744444
190,1551288182614,38.897269368544436,-77.03788770032926
191,1550553020138,38.896579421296636,-77.0304685147951
192,1549075514090,38.89204771515021,-77.04105657055132
193,1549816120509,38.892261363798646,-77.0326844845379
194,1550393238583,38.89588354774904,-77.04265761369199
195,1550915077223,38.894438788681875,-77.03422756358027
196,1550630990944,38.897595365059104,-77.03810130036271
197,1549958791695,38.89448842132035,-77.03220136187448
198,1550082554250,38.89212031303655,-77.03632556552122
199,1550783612970,38.895837812065416,-77.04769574893068
200,1550072333698,38.89688366819283,-77.03839147490538
201,1549285087631,38.89239629431264,-77.04438535775672
202,1551433532602,38.8933053496848,-77.02988832438939
203,1550284643249,38.893035110194546,-77.03752377610782
204,1549425821758,38.896641016421675,-77.03894712913608
205,1549385595236,38.89681168700742,-77.04510857501663
206,1549965324933,38.89334803877463,-77.03645785085176
207,1551253886337,38.895619767548766,-77.03479876880118
208,1550030852909,38.893908034885214,-77.03748075277107
209,1549589454768,38.89861830491607,-77.03965348815237
210,1549055159379,38.89531264908323,-77.03952108205266
211,1549004486971,38.89145299488128,-77.03069341965714
212,1549203723478,38.893090944236846,-77.04446928171865
213,1550904950923,38.897093443649496,-77.04368927178527
214,1551280836285,38.8949163690005,-77.03871141300321
215,1550839129685,38.8972277627202,-77.03748589878944
216,1549441747786,38.896548087783614,-77.03382648393367
217,1551360292735,38.893299520487645,-77.03635951871223
218,1550755961449,38.89513299523266,-77.04193540377429
219,1551046555830,38.897457206920315,-77.0364933488918
220,1550185613909,38.893996548359226,-77.03200899507635
221,1551297300873,38.89138460126692,-77.04447009782949
222,1551298891191,38.891286363813705,-77.03171955079307
223,1550773655086,38.89486568802834,-77.03126366995546
224,1550591779480,38.89428416909927,-77.0355171522666
225,1551381376000,38.893037198348686,-77.03189772467547
226,1551433771971,38.89627913736012,-77.03022917018006
227,1548974458733,38.89812572300499,-77.03921482286383
228,1550327618163,38.897286948540604,-77.02856704727188
229,1549188778514,38.89243806664044,-77.04488280167135
230,1550290463010,38.89752033186364,-77.03362455681803
231,1548950518474,38.897659596178464,-77.04257308183817
232,1549609931725,38.89306267260912,-77.02892493059103
233,1549640906376,38.89505544024488,-77.03709822467947
234,1549649534996,38.891688992312716,-77.04306360026929
235,1549477309374,38.89220628793363,-77.03984048476956
236,1549578351708,38.89151880059162,-77.04252018468969
237,1551026913609,38.892140113363645,-77.04166914725391
238,1549564946485,38.89470169918503,-77.03798998116548
239,1549342454247,38.898242449447224,-77.04297125518062
240,1549997058120,38.89393601388643,-77.0370915995531
241,1551474668448,38.898192976746,-77.04080415056885
242,1549326404731,38.89113810980298,-77.03032788639047
243,1550839720259,38.89754048674349,-77.0452191051144
244,1551355150788,38.898528491926854,-77.04745159813643
245,1550191706765,38.89120008756738,-77.03120886987489
246,1551259823655,38.89832151573461,-77.0450329408104
247,1549111897249,38.894147399791784,-77.03892515123951
248,1551215914490,38.89301787150856,-77.028416365982
249,1550210491823,38.89265905383293,-77.03066389218864
250,1550519698255,38.89525041567401,-77.04056269475464
251,1550583821734,38.89647486578043,-77.03315863717702
252,1550132125159,38.8973499991648,-77.03514358824401
253,1549215948295,38.89515548386515,-77.04700667286117
254,1549585621771,38.89683238195893,-77.04368555159486
255,1549569967887,38.898604133113636,-77.03784878673558
256,1549510450947,38.89419198146283,-77.02971659958872
257,1548947894882,38.894089454725034,-77.03566327531843
258,1549092576390,38.89578301704019,-77.04041249346363
259,1550711181997,38.8947286336144,-77.04687088359061
260,1549112908157,38.89091168885619,-77.03354931862317
261,1550584655386,38.89469941993807,-77.03256399405818
262,1550533036536,38.89312057554427,-77.03790932204407
263,1549664295040,38.89488280836907,-77.03169411764826
264,1549891238344,38.89676276444379,-77.03640026199486
265,1551154785034,38.89658468584543,-77.0346912915255
266,1550228328493,38.89801084598173,-77.02931740348393
267,1549356501676,38.8967374709962,-77.04363282741126
268,1548928978759,38.89537534174562,-77.0389022970502
269,1551095504473,38.89708754343686,-77.04130403732185
270,1551425096862,38.89359716050424,-77.03126408461561
271,1551307552206,38.89308012445585,-77.03757151643138
272,1549991904974,38.89238606762366,-77.04472554160402
273,1548907091021,38.8943623617788,-77.03611173823872
274,1549518135602,38.89278692872897,-77.04097104191388
275,1549784959715,38.891042984891605,-77.02933942750322
276,1550040431129,38.891330682511715,-77.03903698443544
277,1549490131930,38.897931400142234,-77.02835830083256
278,1549721245192,38.89435885881418,-77.03405979857769
279,1549482580702,38.89139204225539,-77.03605652264586
280,1550461457822,38.8919683023908,-77.04134897047355
281,1551205201403,38.897405815620395,-77.04655388680939
282,1550059187098,38.89500405695659,-77.044955560056
283,1550921083738,38.89444733561414,-77.03592342857615
284,1549956066535,38.89500869707613,-77.02858667055548
285,1549202179229,38.89523529665449,-77.04593359727461
286,1550040209190,38.892419467852214,-77.03618831066284
287,1550691976950,38.89686769818879,-77.03093028855109
288,1551301363399,38.895972260625896,-77.03267503481995
289,1550297084977,38.891840970558754,-77.03022603700525
290,1549862025866,38.89413364411367,-77.02867382902285
291,1549045021775,38.89500256703647,-77.03688448671525
292,1550733682207,38.89622701553287,-77.04765451644231
293,1549083957473,38.89348368765793,-77.03917830218042
294,1549384539218,38.897362601705666,-77.03905889540877
295,1549920016481,38.89738903684039,-77.04191489835016
296,1551228263759,38.89511788804686,-77.03649505661629
297,1550089967641,38.892723501357295,-77.03279457758285
298,1551153996996,38.892067548465825,-77.030527485071
299,1549836088407,38.89465417453895,-77.04649666406388
300,1551397432745,38.89533064784424,-77.03794040255546
301,1549317605425,38.89433611934533,-77.04456831175415
302,1551181686977,38.897316540242024,-77.04124217043771
303,1549850791613,38.89697069522971,-77.03108548508762
304,1549647201987,38.89681629725032,-77.03114186123933
305,1550692441272,38.895668317102526,-77.03771490834919
306,1550501675017,38.89343864432236,-77.04561629360543
307,1549119461871,38.89550843887359,-77.04210708728519
308,1549805138512,38.89114134553136,-77.04254298219755
309,1551116617286,38.89583676015254,-77.03622396106996
310,1550540499996,38.891101967199525,-77.04215070728499
311,1551214436783,38.89442466936564,-77.0303498211492
312,1551468232439,38.89662530299048,-77.04650750038678
313,1549664878646,38.89450339801003,-77.02971034465887
314,1549675144614,38.894945920277216,-77.03073703118702
315,1550183906729,38.89404305833565,-77.04238132534073
316,1550634416715,38.892278878539706,-77.02939908146637
317,1550207614459,38.89279555021395,-77.03790687832331
318,1550410007575,38.897553376489164,-77.04564742623589
319,1550053316594,38.89798429548916,-77.03424480939677
320,1549727290927,38.8953647587784,-77.03330605317085
321,1551220030615,38.89228001585457,-77.03695386192537
322,1550065009873,38.8909598900627,-77.03664084809871
323,1551402396190,38.894930611430965,-77.02940078973946
324,1550884509314,38.893567503122526,-77.02945434130213
325,1550650236218,38.89634800109564,-77.04676152357412
326,1549743371880,38.89396492953234,-77.04062360430831
327,1549836052001,38.8910320761156,-77.03212405074352
328,1549748199468,38.89287997705175,-77.03437627070704
329,1549343679306,38.8973213691301,-77.03504029632343
330,1551135006997,38.89123409176467,-77.04452781932902
331,1549991510654,38.8956943796998,-77.03776919790978
332,1550106683456,38.89379090486681,-77.03440174711446
333,1551033024764,38.89125067564808,-77.04710289474113
334,1549097881112,38.894961544627506,-77.04712108151614
335,1550339259285,38.89222588264352,-77.04463940985569
336,1548894681007,38.89279151426462,-77.03254658811531
337,1549949223745,38.89794166744564,-77.03711836547544
338,1550713095805,38.893898462451034,-77.02936113771318
339,1551369485986,38.896766062246165,-77.03074391426476
340,1550280079014,38.89260889578477,-77.04442843851214
341,1549043179423,38.89321938156899,-77.03855663700276
342,1549765857832,38.89364599983342,-77.04016599209413
343,1551032877039,38.89646806539651,-77.04396726302316
344,1549905258811,38.892119601694674,-77.0473497693973
345,1550084071292,38.89721769132337,-77.03020461792863
346,1550755904187,38.89146036436911,-77.03064815607905
347,1550892787703,38.89206491482958,-77.03202670715635
348,1549777878695,38.8921991494209,-77.03085794476527
349,1551440054722,38.89616710822775,-77.03680255267045
350,1549099358729,38.89582282949053,-77.04355710972112
351,1550328955624,38.89851200338812,-77.03971784309284
352,1549075915418,38.894021504421126,-77.03938120722843
353,1550965711232,38.89614486219504,-77.0335561831643
354,1549541401656,38.89588904749726,-77.04528023950824
355,1551303085166,38.89856784256941,-77.04594323007476
356,1549476674849,38.89213725318847,-77.03925374184658
357,1551190277979,38.89114873691315,-77.03911723945271
358,1550891540441,38.89784979743732,-77.04090163183282
359,1551213785207,38.89095062333965,-77.04510386940936
360,1550067386910,38.89803008746961,-77.02971364760806
361,1550081344908,38.894859853935614,-77.04580792415344
362,1551140676089,38.89280932815115,-77.03709913123578
363,1550264501176,38.89808997813068,-77.03097727670546
364,1550829909213,38.891378359386444,-77.03299677306853
365,1550810360683,38.89116955969314,-77.03904735287517
366,1550709565998,38.89461772593895,-77.04463399104934
367,1550735235919,38.89408142088019,-77.04043237722323
368,1551081966184,38.89433187233275,-77.04165485490341
369,1548952947462,38.89776177474442,-77.03067036636783
370,1551091689117,38.89418026453653,-77.04265628968602
371,1549659012477,38.89404527880019,-77.03160060793927
372,1549702259545,38.89755371765557,-77.04235032901862
373,1550906679327,38.89796463431676,-77.03391672901228
374,1550033927829,38.89690946402418,-77.03820001982002
375,1551081186693,38.89769251409788,-77.04613442916396
376,1549706691681,38.898372865012675,-77.0297984928666
377,1549017636077,38.894713952513904,-77.04734151118646
378,1551157884865,38.89418461226139,-77.03743040493686
379,1550827874837,38.8979066697308,-77.04477090348288
380,1551145848373,38.89114536794209,-77.03475343097709
381,1550558700107,38.89700600715076,-77.04160935216792
382,1550027061295,38.8925387741899,-77.04485555761204
383,1550280916296,38.89316426103524,-77.04415513523328
384,1550751795487,38.89243043524941,-77.0340572370163
385,1550193220179,38.89385835441449,-77.04502639561079
386,1550430527456,38.893804838432956,-77.03659304936437
387,1549842949282,38.896035268099226,-77.04608914006721
388,1550595149335,38.89685227771577,-77.04226061597635
389,1549815322973,38.89094483779935,-77.0412359118984
390,1548978124575,38.89821992122729,-77.02856332457688
391,1548969332601,38.895430972866514,-77.04419014960857
392,1550101286404,38.893739530115354,-77.03503488688145
393,1549202807962,38.89632467342869,-77.03872301591203
394,1551401641818,38.89631147857267,-77.04609517350568
395,1550131803136,38.896298218070456,-77.03324544499915
396,1549429465878,38.89521120129019,-77.02975875829267
397,1550406219618,38.89784545280848,-77.03839743415955
398,1549974819294,38.89226874067618,-77.04531164914282
399,1550685914834,38.895297253129556,-77.04328957894919
400,1551184542627,38.894911501697926,-77.02968300347058
401,1550932344734,38.89226610878533,-77.04019097582288
402,1550298433238,38.89483961514898,-77.03751089972438
403,1550812461824,38.89844466695555,-77.0365182245971
404,1549083856557,38.89448554644481,-77.0301803355012
405,1551418040946,38.89711836367214,-77.04357322388972
406,1549713127501,38.895985973160506,-77.03028838228305
407,1549380243410,38.89515349422722,-77.02983797497599
408,1549501789042,38.89233383152747,-77.04606133453912
409,1549718957917,38.897203876804774,-77.04422597270597
410,1549010059929,38.8985792599273,-77.03763782197065
411,1550093685952,38.89155941588459,-77.04124212391521
412,1551481383523,38.891985526836294,-77.0400422720061
413,1550293368252,38.895209277530135,-77.03826611147024
414,1549987839278,38.89632364089088,-77.03687207362348
415,1550283992830,38.89448506406958,-77.04229083084239
416,1550884334946,38.892589031414516,-77.0439360505608
417,1549571983451,38.893612480093786,-77.03576498447941
418,1551417634861,38.89785542178422,-77.03106377245759
419,1549312648727,38.8980637739289,-77.03386911137174
420,1550143557418,38.89273288185326,-77.03665526051725
421,1549790283739,38.895051132346104,-77.03748273416055
422,1551110746700,38.89718525136697,-77.03161725211181
423,1549133262653,38.89631971215412,-77.03603776953017
424,1549850445818,38.89808100376012,-77.03104056365912
425,1550416549262,38.89562776793969,-77.03668877492238
426,1549058330488,38.896523640848955,-77.02855875675388
427,1549013888758,38.89848314916829,-77.02925174569813
428,1551415855219,38.897933446993235,-77.04676520262318
429,1551452435273,38.89843618919739,-77.04192535116417
430,1549359378530,38.89726060718092,-77.03210038106417
431,1550893120908,38.89850772650262,-77.04399933699673
432,1550585725042,38.89840714036433,-77.04107944243252
433,1549921589938,38.89650981729546,-77.03176607074778
434,1550950462319,38.89245676974734,-77.02859751652456
435,1549857413411,38.89435090604461,-77.02891341839015
436,1549253184794,38.89467085263849,-77.03636317052117
437,1550483470314,38.89301521166415,-77.03696542038753
438,1550839151273,38.89844600457144,-77.03125082987809
439,1549080235870,38.898079375342775,-77.0448800861389
440,1550428880699,38.895964443319365,-77.04144069738624
441,1548914168241,38.89724266749582,-77.0350685380365
442,1549758425758,38.89164878379923,-77.04059992792295
443,1551055827413,38.892768021044304,-77.0297941321132
444,1551322172317,38.8957846363434,-77.04604902108238
445,1550159713490,38.89458076326398,-77.03544393077877
446,1549989810803,38.894850600385645,-77.03920394075438
447,1550723470398,38.892074160361986,-77.03438336964697
448,1548951751721,38.89482794776806,-77.04709945698613
449,1549029978400,38.89680293978139,-77.02961740694033
450,1550404361774,38.895211401816425,-77.04267219269835
451,1550056361711,38.89448806889887,-77.04293510780926
452,1550057146128,38.893646046568385,-77.04103157081627
453,1549762964178,38.89104165565078,-77.04011222799149
454,1551215040430,38.895739731318656,-77.04514501840907
455,1551210314193,38.891386416409766,-77.03336102535769
456,1550466469133,38.893089727731585,-77.03345179647401
457,1550041905721,38.89817937134224,-77.03189236747879
458,1549417425752,38.89408929720163,-77.03273752727628
459,1550423678156,38.89134706814975,-77.03792227127471
460,1550682693899,38.89769482175238,-77.04562796652536
461,1551383287261,38.89524557776864,-77.02944181931178
462,1549466109724,38.89731596363485,-77.04590983224635
463,1550539029306,38.895921788137116,-77.0335798703008
464,1549176626806,38.89739676798315,-77.03124525087696
465,1549772518118,38.89257529652685,-77.04305909473076
466,1550951535205,38.892669682797255,-77.03614080702049
467,1549239324136,38.896407720765204,-77.03441142973277
468,1551135666093,38.89215022353081,-77.04104365110965
469,1551237673784,38.89455693652925,-77.04628540094096
470,1549554439287,38.89178865718309,-77.03109695853993
471,1550216382901,38.89830911292841,-77.03211368805954
472,1549045337187,38.89457597985927,-77.04483727102608
473,1550144364115,38.89537610661329,-77.0318625226333
474,1550530470606,38.89861204866146,-77.04434437599174
475,1551149712763,38.891737572273364,-77.03348967630701
476,1550907502172,38.895459607467984,-77.03142106697145
477,1549190445493,38.892646942516166,-77.03728808735761
478,1549095957002,38.894932822316335,-77.04236204183283
479,1551040843695,38.89176224439181,-77.0289621306981
480,1549277046578,38.89658464648416,-77.03147064664682
481,1550241952562,38.89101371782473,-77.03109272020829
482,1550419205093,38.89617383499983,-77.02905597464328
483,1550570503481,38.89269063006261,-77.03929133046337
484,1549835754226,38.89159781144731,-77.0381949931558
485,1551193278153,38.89770296959915,-77.03655159293335
486,1550606119695,38.897288054980876,-77.03177481856672
487,1549331115425,38.89083634465939,-77.03222171221674
488,1551373985484,38.896174574659646,-77.03862666762043
489,1549379289078,38.89681008078755,-77.03674099217508
490,1549344337564,38.89245782158034,-77.03550149446778
491,1551211258170,38.89271196404697,-77.02849746663418
492,1550361682405,38.896680642822034,-77.03010415795474
493,1550378719833,38.892614221206244,-77.0407968422016
494,1549680476153,38.895698325621886,-77.03454746784328
495,1550543883974,38.89777317912374,-77.03269681695505
496,1551064128345,38.89240823814066,-77.02915453895193
497,1550118843929,38.89763176140496,-77.03421556369535
498,1551022504073,38.89395701533699,-77.04335401882729
499,1550172247199,38.891434826941115,-77.03085082478447
500,1548906798000,38.89590574662005,-77.0435205255676
501,1550949077405,38.894840733473664,-77.0434472562078
502,1550523646217,38.890843409320574,-77.0415676414336
503,1549888651806,38.8972799430827,-77.0407684040959
504,1549029538348,38.89751519053652,-77.04405232271209
505,1549243826594,38.8965376245426,-77.04440296297057
506,1551067643218,38.89112281522326,-77.03546435276746
507,1549297281647,38.890989821655,-77.03283766077018
508,1549325228556,38.89478413445251,-77.04461639637742
509,1549314547776,38.8958227479629,-77.03070769466483
510,1549281590600,38.894362732867954,-77.038552235192
511,1549427535825,38.89433615351225,-77.04072482894398
512,1550211971898,38.89312703087292,-77.02892942407841
513,1549397642312,38.891751652184524,-77.03871796216073
514,1550623989507,38.89163223863601,-77.03079400321508
515,1550842444980,38.895595648461594,-77.03254283328342
516,1549092780397,38.89377565752415,-77.03049322218185
517,1550878468278,38.89293748282857,-77.02881980466553
518,1550696047062,38.89752242462117,-77.0336877509555
519,1549603902573,38.89457313456731,-77.04265895736256
520,1550632617744,38.8930792035998,-77.04191539112973
521,1549584404599,38.89644292774651,-77.03296369713756
522,1549815670668,38.89677998841267,-77.04646931019195
523,1549600600785,38.89685096299304,-77.04511618075438
524,1550629573358,38.89379170205829,-77.04687277116938
525,1551179560695,38.89356033704413,-77.0346642477276
526,1549464007216,38.895726343951836,-77.04594981816676
527,1549695716728,38.892520631250996,-77.03864350459243
528,1550190846072,38.897517911605036,-77.04296455028843
529,1551132380184,38.89354481582246,-77.04427032090426
530,1549919783242,38.896771142688515,-77.04601119665922
531,1549821550922,38.89149687707918,-77.04740898514954
532,1549713122750,38.893778392335975,-77.04726304817031
533,1550717044980,38.89753755499986,-77.0449710589578
534,1550893109901,38.89352187665523,-77.04084221635323
535,1550865477313,38.89596507851547,-77.03359026284134
536,1550202842272,38.891600426866916,-77.03081374287393
537,1548978239906,38.892795370852355,-77.03666230902716
538,1549753821705,38.89244024818603,-77.04232773227751
539,1550379718382,38.894569631333496,-77.03946007762565
540,1549490743625,38.89814357774454,-77.0373811074301
541,1549016496866,38.89752738671967,-77.04540411632514
542,1550571824782,38.8947012723742,-77.04760747304738
543,1550942616936,38.89181406238509,-77.04479165941804
544,1549521000382,38.895827077247134,-77.04759318769636
545,1551353991672,38.892531005207985,-77.03414628130557
546,1550928336192,38.898272598583546,-77.03428247479498
547,1551153231418,38.897212973883384,-77.04651588514643
548,1550752152424,38.891340890255385,-77.03210665259567
549,1549678324529,38.89181677141773,-77.02930346385791
550,1548941302793,38.8918493088378,-77.04701087582396
551,1549234238606,38.8948114978662,-77.03688180531873
552,1551130951309,38.89759319225575,-77.03176923269707
553,1549782469955,38.89391544780216,-77.03224594631855
554,1550975693759,38.89135347987215,-77.03271229663298
555,1551282282370,38.89196977455638,-77.03559546709674
556,1550123140575,38.89487414913304,-77.04568307229029
557,1549182739682,38.89837057737511,-77.03343197383577
558,1550295767113,38.89503806286196,-77.02862447607428
559,1549204065812,38.894798061222026,-77.04505997011529
560,1550299101218,38.8932992886725,-77.03836452099884
561,1551151256862,38.89103602284582,-77.0323535398677
562,1550669817941,38.89122116277889,-77.03897914983138
563,1549502637324,38.895322404909365,-77.04551134605911
564,1549977195781,38.89633539691267,-77.04007830437759
565,1550265097461,38.898420430913355,-77.03744458731173
566,1550818320180,38.89311957029711,-77.02977841813507
567,1550099480354,38.89456140375984,-77.0362781559149
568,1551159553892,38.89790777647331,-77.04095283885201
569,1551002909821,38.894849284566355,-77.03349286901262
570,1550659782214,38.897349423758214,-77.0476579793801
571,1549622170828,38.89140141893336,-77.0291306810646
572,1550813945087,38.89443984652811,-77.04252367049838
573,1550603480671,38.897250161575705,-77.03447712453861
574,1549419041837,38.89261715306857,-77.04108567500475
575,1550358523047,38.89687067883932,-77.04249219453443
576,1550413293736,38.89778446821272,-77.03804266202404
577,1550739371136,38.894908033849966,-77.04400381725482
578,1549476131553,38.89653537619912,-77.0431287396886
579,1548936301418,38.89573206092723,-77.04623508531544
580,1549341295718,38.89257102229097,-77.03709257903891
581,1548928403297,38.893984899024204,-77.03228639466283
582,1550990253534,38.89256620008566,-77.04653702383153
583,1549988732053,38.89623991535124,-77.02839154802983
